model_id,auc,logloss,mean_per_class_error,rmse,mse
GLM_grid_1_AutoML_20190426_083250_model_1,0.7037050422028931,0.4259087150448904,0.4668125167719976,0.36364719295443865,0.1322392809436427
XRT_1_AutoML_20190426_083250,0.6804629573048241,0.4385444958488328,0.4704767589987794,0.36859590089326544,0.13586293815531794
DRF_1_AutoML_20190426_083250,0.6768288196647249,0.4620686189517969,0.4668251592187941,0.3688692629964274,0.13606453318352754
GBM_5_AutoML_20190426_083250,0.668293998089078,0.4472285788930064,0.479222294871081,0.3714298062810846,0.13796010099400402
GBM_1_AutoML_20190426_083250,0.6628739476978305,0.44649101738579294,0.4876800095773522,0.3716188218778885,0.13810054877390984
GBM_2_AutoML_20190426_083250,0.6618523015437392,0.4478016204036593,0.4847723166846448,0.3720134201930589,0.13839398480373746
GBM_3_AutoML_20190426_083250,0.657575458241157,0.4523406428824076,0.4860958238611568,0.3733455564149264,0.13938690449477095
GBM_4_AutoML_20190426_083250,0.6538338378831373,0.4563741468415955,0.4843227330280371,0.3740960471717319,0.1399478525095147
